x1,x2,l,u,delta,area
1.0,2.003283837980525,0.0,0.8840959950350907,1.0,1.0
0.0,-0.2328400269176911,0.35526107947687596,Inf,3.0,2.0
0.0,1.2461660595461925,1.1239562852956126,Inf,3.0,3.0
0.0,0.8569362349563306,0.0,4.8722572349636355,1.0,4.0
1.0,-0.29751472888056496,1.394372847311994,Inf,3.0,5.0
0.0,0.5234311669371883,1.2664750137761285,Inf,3.0,6.0
1.0,0.47279990951654705,0.7389593220833494,Inf,3.0,7.0
1.0,-1.0708960983485603,0.2433412070172884,Inf,3.0,8.0
1.0,-0.9153561800865222,0.02784228092674359,Inf,3.0,9.0
0.0,0.5764020111026981,0.17550340632431427,3.4584142217029332,2.0,10.0
1.0,-0.6102098764506639,0.01672517760959788,2.0158216096028223,2.0,11.0
1.0,-1.7409691138424686,3.2608567975473908,3.2608567975473908,0.0,12.0
1.0,-1.3446984011926466,0.0,2.495689680124432,1.0,13.0
0.0,-0.06759757468561468,0.0,2.983109875814667,1.0,14.0
1.0,0.20248645820165126,0.0,1.076883180796344,1.0,15.0
0.0,0.28015493683444653,0.6276310859129021,Inf,3.0,16.0
0.0,1.1714297453843379,0.31145681973054085,2.9241006977444295,2.0,17.0
0.0,-0.9577743402841048,4.165341332505839,Inf,3.0,18.0
0.0,-1.0210538760249668,2.08117839297355,Inf,3.0,19.0
0.0,-0.2885835744076791,1.0757539179389854,1.0757539179389854,0.0,20.0
0.0,-0.6941130135814557,2.1295265026112893,2.1295265026112893,0.0,21.0
0.0,-0.06524464788432023,0.3558254185760306,2.6895662080318368,2.0,22.0
0.0,-0.24729461541751102,1.2891820205745055,1.2891820205745055,0.0,23.0
0.0,-0.38759906667171284,0.10119951503279602,Inf,3.0,24.0
0.0,-1.7318983749869452,1.6813728395802348,1.6813728395802348,0.0,25.0
1.0,0.601687420449457,1.0690560775796707,1.4362126675165163,2.0,26.0
1.0,1.0714591100379651,0.3515742174272372,Inf,3.0,27.0
1.0,-1.9351261965610351,1.0896384992677135,Inf,3.0,28.0
0.0,1.400874268680532,0.3848658463586334,2.9290352433987934,2.0,29.0
1.0,-1.326389028176746,1.630532292207379,Inf,3.0,30.0
1.0,-0.12005221694600865,0.0,2.71145967114545,1.0,31.0
0.0,-1.116279949635887,2.2585433674190822,Inf,3.0,32.0
1.0,-0.12938264180957068,1.024239274683804,Inf,3.0,33.0
0.0,0.5002998406274398,0.8541610037795919,0.8541610037795919,0.0,34.0
1.0,-0.057460970138395594,2.0805827295013604,Inf,3.0,35.0
1.0,-0.9122731174793295,1.642824389748498,1.642824389748498,0.0,36.0
0.0,2.1358043625156875,0.0,0.8516163695226432,1.0,37.0
0.0,1.8353192275586072,0.23067843300466126,1.1014016812514735,2.0,38.0
0.0,-0.42646089460198994,0.5301897265602076,2.3786706716118258,2.0,39.0
0.0,-1.5808887334793291,1.2561535801006762,3.648225404259608,2.0,40.0
0.0,-0.9794173120613614,0.0,1.0505235265822435,1.0,41.0
0.0,-0.6305476896537482,0.17966126342676492,0.5250951615837591,2.0,42.0
0.0,0.516268574029723,0.4501105437522638,1.7541631087031968,2.0,43.0
1.0,-1.098717236515977,2.4138660686936766,2.4138660686936766,0.0,44.0
0.0,-2.0483280062962907,0.0,1.5407777778764462,1.0,45.0
0.0,-0.970443631697749,1.295447819729328,2.103729450858831,2.0,46.0
0.0,-1.6197328421173827,0.4987176854419693,Inf,3.0,1.0
1.0,0.8647376674618648,0.0,3.1160641803428435,1.0,2.0
0.0,-1.4418593286211514,0.7675254023293812,5.50331319499746,2.0,3.0
1.0,1.371387459727912,0.09236429605488548,1.566210982747537,2.0,4.0
1.0,0.6562898121583766,1.6366665298394785,2.1483850871287604,2.0,5.0
1.0,-0.07389218033268169,1.0981768700566195,1.0981768700566195,0.0,6.0
1.0,0.21379695234941426,0.948162890815674,Inf,3.0,7.0
1.0,2.273438494658635,0.0,1.26200945498278,1.0,8.0
1.0,0.39589457382487636,0.0,2.1942991039271122,1.0,9.0
1.0,-0.009407064675973633,1.9031151690170658,3.357909847300499,2.0,10.0
0.0,-0.19681327205805033,2.3983609296728896,Inf,3.0,11.0
0.0,0.614789497818344,1.589643245282219,3.1954172857183605,2.0,12.0
1.0,0.002716369290206196,0.990472853637689,1.6860971388082868,2.0,13.0
0.0,1.3004218250515502,0.0,1.6923688049017824,1.0,14.0
0.0,-0.16363569899791422,0.12324055043648748,2.5873428924033286,2.0,15.0
0.0,-1.6581885206419567,2.6891864523979763,Inf,3.0,16.0
0.0,0.8661228691142362,0.0,0.4781749732306193,1.0,17.0
0.0,1.361239619397214,0.7681530125356616,Inf,3.0,18.0
0.0,-1.8654270212250736,4.608482753111865,Inf,3.0,19.0
0.0,0.1546801431064721,0.22359312820358124,0.5254280463926252,2.0,20.0
0.0,0.010298841459602788,1.1197020232588173,1.1197020232588173,0.0,21.0
1.0,-0.9701312715250059,2.5910209484329676,3.205703121223895,2.0,22.0
1.0,-0.6489123975842036,0.0,0.2516561744175862,1.0,23.0
0.0,0.04087658972090011,1.3980045935630963,3.5085958637024612,2.0,24.0
0.0,-0.4383483877491618,0.0,6.002673273427449,1.0,25.0
0.0,-0.1174971466773692,1.2382462776845882,2.3515862930562887,2.0,26.0
0.0,0.6492326043909608,1.3183443534786492,Inf,3.0,27.0
1.0,-0.42309909771620113,0.0,1.0655576714692672,1.0,28.0
0.0,-1.133765160383539,4.5092065167811075,Inf,3.0,29.0
0.0,-0.1255129980301782,0.18154749321187244,1.8299394648005785,2.0,30.0
0.0,-1.034481465046201,0.8613292833345018,Inf,3.0,31.0
0.0,-0.46527510437515684,0.3516201575429513,0.8792755057019885,2.0,32.0
0.0,-0.701504616053657,1.8103700829201137,4.45224876048305,2.0,33.0
1.0,0.991169691624453,0.9762308195627636,0.9762308195627636,0.0,34.0
0.0,-0.9006832110309064,3.361102501896809,3.361102501896809,0.0,35.0
1.0,0.5342105234494329,0.5205556202105928,4.03397221773814,2.0,36.0
0.0,-0.5321798349245352,0.0,2.9555487406031262,1.0,37.0
0.0,0.5116640809735137,0.6176128463077927,0.8176410748435061,2.0,38.0
1.0,0.16967938213287478,0.0,2.6489826747873555,1.0,39.0
1.0,0.8859619056055885,0.0803475978329465,1.5397362925861784,2.0,40.0
0.0,-0.3342171379096499,0.24392160815618558,0.9056822392989772,2.0,41.0
0.0,-0.13838744666073757,0.0,1.6318183993676394,1.0,42.0
0.0,1.7787945472165392,0.7299303794439561,Inf,3.0,43.0
1.0,0.9690230683768526,0.0,0.8721709361277057,1.0,44.0
0.0,-0.5720794465589575,0.9064390931466777,Inf,3.0,45.0
1.0,0.3261554118346603,0.0,1.1383265687318422,1.0,46.0
1.0,-0.5211094747499189,0.5218376073653568,Inf,3.0,1.0
0.0,1.2039136477569197,0.0,1.681854979174929,1.0,2.0
1.0,1.308106689141666,0.3136765298724153,2.186811222842026,2.0,3.0
0.0,-1.080508951144058,0.0,2.7079851413786384,1.0,4.0
0.0,-2.638098612247469,1.6887083035560946,Inf,3.0,5.0
1.0,1.4463951858795974,0.5845837367547381,Inf,3.0,6.0
0.0,-0.44157735556266986,7.752779715187149,7.752779715187149,0.0,7.0
0.0,0.21128299411950804,0.2599108490207909,0.7890484598922345,2.0,8.0
1.0,1.0741992301983228,0.0,1.5353401059730076,1.0,9.0
1.0,0.3910361346561921,0.04497463686025384,2.304678333583917,2.0,10.0
0.0,1.7102362811375271,0.976204228596548,3.0060444161310214,2.0,11.0
1.0,0.47431405425940143,1.513034950243336,1.874090822753085,2.0,12.0
0.0,0.33558263209747663,1.872339140680294,1.872339140680294,0.0,13.0
0.0,1.4110068121529795,0.5673316354300397,0.8704214892816525,2.0,14.0
0.0,0.1916448531368714,2.073234275204185,Inf,3.0,15.0
1.0,-0.575701022575242,1.2015194451484597,1.6312403195833847,2.0,16.0
0.0,-0.10024857900015839,0.0,2.6321046689935224,1.0,17.0
1.0,-1.6296165307465065,0.9875519132759623,Inf,3.0,18.0
0.0,-2.0141607126989927,2.1363735741814605,Inf,3.0,19.0
0.0,0.989976280591509,0.0,2.5863405992982202,1.0,20.0
1.0,-2.0304396863723517,3.3177134181919774,3.3177134181919774,0.0,21.0
1.0,-1.2946114358428202,3.56449922265862,4.899219071264136,2.0,22.0
1.0,1.0417971271080593,0.0,1.470894116231404,1.0,23.0
1.0,-0.19371686791114834,0.6491999048771282,3.0594776655018974,2.0,24.0
1.0,1.3113486174387368,0.5522037404457653,0.5522037404457653,0.0,25.0
1.0,0.576631990043468,0.7449735066503738,0.7449735066503738,0.0,26.0
0.0,0.7968337994087636,0.0,3.398932888467967,1.0,27.0
0.0,0.7549320171835916,0.0,1.8716923151735896,1.0,28.0
1.0,0.34251949346396116,0.0,1.619416488296189,1.0,29.0
0.0,1.2682414434367992,0.1842126378586017,0.1842126378586017,0.0,30.0
0.0,0.07203439014419327,0.2766672135795554,1.7697743182166505,2.0,31.0
0.0,-0.502899340702216,0.9041769620164636,Inf,3.0,32.0
0.0,0.0677548869140081,1.9891579744915924,3.2006866315546585,2.0,33.0
0.0,-1.167070525637829,0.20119907617417318,Inf,3.0,34.0
1.0,-0.06476532739082569,0.0,1.5741445357025177,1.0,35.0
0.0,0.14748116913578863,0.6296321137820907,1.3273258872104141,2.0,36.0
1.0,-1.5805955170337536,1.6602517923679185,2.058271251653641,2.0,37.0
0.0,0.9877951793013092,1.6974487827248312,1.6974487827248312,0.0,38.0
1.0,0.7020316543730554,1.0115725501731851,1.0115725501731851,0.0,39.0
0.0,1.013936848095045,1.1341945688283401,2.227263092427,2.0,40.0
0.0,0.45651724472860794,0.15305167314712648,1.1982328916231564,2.0,41.0
1.0,-0.27071088652789527,1.0169832830549637,5.460166757563597,2.0,42.0
0.0,1.4421544983728987,0.21777214678314974,1.7109765261854366,2.0,43.0
1.0,2.982173811763989,0.028841364559466363,1.0393018630639654,2.0,44.0
1.0,0.4122967974762229,0.3968472391668892,Inf,3.0,45.0
0.0,-0.521290398415198,1.3193976164990777,1.5449366561004607,2.0,46.0
0.0,-0.4894039332087425,0.0,2.7166736856302363,1.0,1.0
0.0,-0.26760315492555076,0.9298830352205637,3.6611956752118013,2.0,2.0
0.0,1.4037273972340163,0.0,1.5324206585348632,1.0,3.0
1.0,-0.3239730043175587,0.0,2.6501319306719457,1.0,4.0
1.0,0.4461664964453087,1.963968120745061,2.6573365859965214,2.0,5.0
1.0,-0.07399744328933733,0.0,0.7141875921889153,1.0,6.0
0.0,-0.646614915971902,1.2723837495618402,Inf,3.0,7.0
0.0,1.158564537278138,1.5614127720870512,Inf,3.0,8.0
1.0,-0.9729082353036023,5.949646488113067,5.949646488113067,0.0,9.0
0.0,-1.1364560608117116,1.2449645723336253,Inf,3.0,10.0
1.0,0.9141785937104493,0.0,1.649221705782746,1.0,11.0
0.0,-0.12269420431291513,1.1349080439634247,3.703771801644048,2.0,12.0
1.0,0.8025837291888617,1.0520940288884386,1.0520940288884386,0.0,13.0
0.0,1.7386260066510109,0.319611343345046,1.2479523695853567,2.0,14.0
1.0,-0.24686318342571015,1.509769730395627,1.509769730395627,0.0,15.0
1.0,0.6881082374904315,0.0,4.004883271044851,1.0,16.0
0.0,0.6757677879235677,0.8152309180263854,4.896589212822991,2.0,17.0
1.0,1.16011357041707,0.0,1.2563734314551949,1.0,18.0
0.0,-1.1970582376656878,3.0665945199177775,7.016967456451253,2.0,19.0
0.0,0.5645264212580798,0.0,1.2590430362367262,1.0,20.0
0.0,-0.47808575084674115,0.0,2.7787790428231087,1.0,21.0
0.0,-0.4594123711541502,0.8714461534774504,0.8714461534774504,0.0,22.0
0.0,-0.45635639847679976,0.539497668864562,3.418719567188994,2.0,23.0
0.0,-0.32343203984013547,3.187376624215534,Inf,3.0,24.0
0.0,0.5354446762247248,0.34669078700388045,Inf,3.0,25.0
0.0,-0.9204683709503478,0.0,0.1698272945768352,1.0,26.0
1.0,-1.2611338790424758,5.491888164055005,Inf,3.0,27.0
0.0,0.1723967067182295,0.0,2.8980870472946076,1.0,28.0
0.0,1.0490744504074534,2.134484494574559,5.704645668865231,2.0,29.0
0.0,0.8776604308055721,0.0,0.7607514623578517,1.0,30.0
0.0,1.666234717305028,0.5797895245564719,0.5797895245564719,0.0,31.0
1.0,-0.501835307677767,0.7945315122941683,1.9329378064888758,2.0,32.0
0.0,0.25955285351381646,2.2442139499027216,Inf,3.0,33.0
0.0,0.3590375600300621,1.2088040059997391,1.6341664317234113,2.0,34.0
1.0,-1.1287117164839182,1.5383118163553742,Inf,3.0,35.0
0.0,1.2819643685352187,0.0,2.0576968705831447,1.0,36.0
1.0,0.17904144974886085,0.5462994282807413,2.2728482532443013,2.0,37.0
1.0,0.14875906481489848,1.7969861366170583,1.7969861366170583,0.0,38.0
1.0,1.0463566232836292,0.0,0.2834639769494936,1.0,39.0
1.0,1.1388071302451264,0.0,0.6752070169394326,1.0,40.0
1.0,1.0035283485222828,0.0,1.157565266114585,1.0,41.0
1.0,0.4366678628971912,0.0,0.6404181647272403,1.0,42.0
1.0,0.27709190026837033,0.9401456828426562,Inf,3.0,43.0
1.0,0.1839047526679995,0.8679026401707739,4.088520622833066,2.0,44.0
0.0,0.4304504661228989,0.4505544944427994,Inf,3.0,45.0
1.0,1.1345558821897301,0.0,2.513437231894566,1.0,46.0
1.0,-3.3928656950145513,1.056523295419327,Inf,3.0,1.0
0.0,-1.3555272695292753,0.0,1.2129814836638542,1.0,2.0
1.0,1.7081438621875842,0.6217778866149941,1.7638713051015613,2.0,3.0
1.0,-0.10184981712586642,1.2768433643534127,Inf,3.0,4.0
0.0,-0.7992070598386743,4.064667071496609,Inf,3.0,5.0
0.0,0.6614337742900931,0.586900810477677,0.586900810477677,0.0,6.0
0.0,-0.4852452973177858,6.7354741991236295,Inf,3.0,7.0
0.0,-0.10782613192478402,0.35125688664296073,0.9193055093163288,2.0,8.0
0.0,0.43981225076124475,2.254762568949863,3.415800984395248,2.0,9.0
0.0,-1.6541409063946182,1.7264370238593034,Inf,3.0,10.0
0.0,-1.037181488159879,3.0289230519128005,3.0289230519128005,0.0,11.0
0.0,-0.3333999525546324,1.2326703767677232,3.100732889550596,2.0,12.0
1.0,-2.7457696560978815,0.1864232575523228,4.457046186104489,2.0,13.0
0.0,-0.062165582887250846,0.794228086524995,1.661626060543603,2.0,14.0
0.0,-0.5671556431385809,0.6889490305351184,Inf,3.0,15.0
0.0,0.2419666570605019,4.076115741347169,Inf,3.0,16.0
1.0,-0.45400698812706375,0.0,2.495379829188647,1.0,17.0
0.0,-1.6942813150535192,1.376113634997864,Inf,3.0,18.0
0.0,0.41433696396029107,0.9966456017872404,0.9966456017872404,0.0,19.0
0.0,-1.485000653057692,2.935302673563541,Inf,3.0,20.0
0.0,1.4482538327600831,0.0,1.5126794451908856,1.0,21.0
0.0,0.6623140581692607,0.0,1.3922539543809322,1.0,22.0
1.0,1.8627637205044107,0.0,2.8015930760819203,1.0,23.0
1.0,-0.2485973624959138,0.0,1.2942969340919328,1.0,24.0
1.0,-0.8203608463742857,2.403801035397802,Inf,3.0,25.0
1.0,-0.41585357964229314,0.968254189147431,3.5510561590059595,2.0,26.0
0.0,-0.40727110386693827,1.1027021162167838,Inf,3.0,27.0
1.0,-0.729237786852704,0.0,4.957941635720396,1.0,28.0
1.0,1.9809070754986058,0.19354540385064378,0.4663088379591717,2.0,29.0
0.0,1.1982750609231938,0.5443119099338004,0.5443119099338004,0.0,30.0
0.0,-0.5097279443422624,2.2327883912777624,9.387524519846664,2.0,31.0
0.0,-0.3352122108013039,0.0,1.642065930273066,1.0,32.0
1.0,-0.8624767166869362,4.841800457851156,4.841800457851156,0.0,33.0
0.0,-1.4466732485471034,1.891567042335178,Inf,3.0,34.0
0.0,1.324851888606681,0.5565390641596271,Inf,3.0,35.0
0.0,1.8705139184680981,0.0,0.548340994345026,1.0,36.0
1.0,0.3854438779057927,0.0,1.136481753403995,1.0,37.0
1.0,-0.2087217589924071,0.1111741649656313,Inf,3.0,38.0
1.0,2.233272116243234,0.4318569415498769,0.4318569415498769,0.0,39.0
1.0,-0.7203276386679528,1.0684223066054515,1.0684223066054515,0.0,40.0
0.0,-0.7326753361441841,3.070758858911159,5.26726339963928,2.0,41.0
1.0,0.4149681783922976,0.1395921413083647,1.1125625562245958,2.0,42.0
1.0,1.8393390389547937,0.6625953239267268,0.6625953239267268,0.0,43.0
0.0,0.4744164647064047,0.9177500694598169,Inf,3.0,44.0
0.0,-0.964312219453379,2.517936111687251,4.056701735856187,2.0,45.0
0.0,-1.3373847932727083,0.9370729894199171,Inf,3.0,46.0
1.0,-0.41122221993596564,0.5500129578045371,Inf,3.0,1.0
1.0,-1.7880262059942034,0.0,5.098899909764778,1.0,2.0
1.0,-0.6385854766191303,0.44091511775751896,1.3115344514388352,2.0,3.0
1.0,0.2910292330033629,0.0,2.2567902166881946,1.0,4.0
0.0,-3.567299295373174,1.6124544491252173,Inf,3.0,5.0
1.0,0.7651671350498443,1.31813311835053,Inf,3.0,6.0
0.0,0.4176951731758283,3.7942248243507564,3.7942248243507564,0.0,7.0
0.0,0.12742900677095997,1.2111579917868225,Inf,3.0,8.0
1.0,0.19684040656539192,0.943890733687891,3.002624928299353,2.0,9.0
0.0,-0.09329943119750264,6.003307328491629,Inf,3.0,10.0
1.0,-0.12419127831860129,0.6580932702850014,2.424368342841961,2.0,11.0
0.0,0.7311600532431354,1.3317316925304916,1.8865855106734057,2.0,12.0
0.0,0.7183388350734183,3.042601776807835,Inf,3.0,13.0
1.0,-0.4827471821875114,0.3135641325764974,2.5553016093155128,2.0,14.0
1.0,0.8652279981184382,1.0442825814454448,Inf,3.0,15.0
1.0,-0.4239933679559797,3.5387372143497484,3.5387372143497484,0.0,16.0
0.0,-0.8052539960598056,1.8804753408117667,1.8804753408117667,0.0,17.0
0.0,0.10198487647122016,0.4814841931306654,1.8125861664731913,2.0,18.0
0.0,0.07380216400187693,3.848413054977281,Inf,3.0,19.0
1.0,0.22616785710823945,0.6922468811211653,1.9829501034094597,2.0,20.0
1.0,0.6842918075081621,0.03218371373757318,2.333944805671878,2.0,21.0
1.0,0.9082651261632685,0.9100567696915145,Inf,3.0,22.0
0.0,-0.6105783716949811,1.6847208613992375,Inf,3.0,23.0
0.0,-0.8332193804480452,1.3590306784505912,Inf,3.0,24.0
1.0,-0.6752646668593382,4.4374608738280905,Inf,3.0,25.0
0.0,1.535044710521262,0.0,1.411081277486078,1.0,26.0
1.0,-0.049053394026458454,2.6420202518469997,4.475978843946379,2.0,27.0
0.0,0.32703967117575,0.0,2.428415837564237,1.0,28.0
0.0,0.6249088854444326,0.0,1.6200065139318787,1.0,29.0
0.0,-1.086279056397356,1.0291452493139028,1.0291452493139028,0.0,30.0
1.0,-0.6633566764742967,1.4053215712173401,2.94827602228594,2.0,31.0
1.0,-0.22117819757428356,0.745176127501344,Inf,3.0,32.0
1.0,-1.2341250290626153,2.481304549090786,Inf,3.0,33.0
1.0,1.628050870871033,0.0,1.3585368886837352,1.0,34.0
1.0,0.12384545007116864,0.478729115472545,Inf,3.0,35.0
1.0,0.933546744738878,0.14081437226533908,0.14081437226533908,0.0,36.0
0.0,-0.11026813502325432,0.0,4.419168985520962,1.0,37.0
0.0,-0.3609715155880987,2.114318078470658,Inf,3.0,38.0
0.0,1.0819937761325,0.40397090402876834,2.3656515705665266,2.0,39.0
0.0,1.768038936907115,0.02572426155260774,Inf,3.0,40.0
0.0,-0.28696511738347574,0.11692529463169085,0.8357420874383923,2.0,41.0
1.0,-0.061625573486142705,0.3035491440139647,4.192894858902753,2.0,42.0
0.0,0.1010395112485578,1.608132687713932,Inf,3.0,43.0
0.0,-0.20483423304513823,1.376673787800687,Inf,3.0,44.0
0.0,0.4681873392627539,0.7218076580014341,0.7218076580014341,0.0,45.0
1.0,1.5427252628766643,0.10333459051726902,0.8413043766415079,2.0,46.0
1.0,-0.4850722388461917,2.905153887918112,2.905153887918112,0.0,1.0
0.0,0.4360752703930359,0.5363206376507825,2.9502562803581425,2.0,2.0
0.0,1.1734269761335316,0.7028150113232443,0.7028150113232443,0.0,3.0
1.0,0.9633220284338629,0.0,2.689932238022098,1.0,4.0
1.0,0.4519341789196536,0.36022053221025674,Inf,3.0,5.0
1.0,-1.666023755241604,2.7681147548581957,4.846759253963627,2.0,6.0
1.0,0.6425894275742208,2.1670821294945815,2.1670821294945815,0.0,7.0
0.0,-2.355848029549262,2.315169261243518,Inf,3.0,8.0
0.0,-0.32982587004355973,0.5880849753288125,Inf,3.0,9.0
1.0,0.4332251577272638,6.571833270231921,6.941361303685759,2.0,10.0
1.0,-1.0715886700044757,3.3483295998645284,3.3483295998645284,0.0,11.0
0.0,-0.6386306783843777,0.7241979008545634,2.7698181424533583,2.0,12.0
1.0,-0.28075310682054766,0.0,1.4494176863495594,1.0,13.0
0.0,1.026394899110966,0.2821362060128924,1.236575602196061,2.0,14.0
0.0,-0.8741089277396892,3.9635819436813478,Inf,3.0,15.0
0.0,-2.1014405603229447,0.23914630145348248,Inf,3.0,16.0
0.0,0.3214676037609414,0.07769683192227764,0.7299282701861461,2.0,17.0
0.0,2.090130767044493,1.3048226493979014,1.4879379557701151,2.0,18.0
0.0,-0.2032476039756231,1.4978370951104447,1.4978370951104447,0.0,19.0
0.0,0.4125800366564936,0.45268794754890945,3.0189541916178877,2.0,20.0
0.0,1.5003060889388578,0.0,2.1529636384391186,1.0,21.0
0.0,0.7096211220673184,1.4159576833537486,Inf,3.0,22.0
1.0,0.0975183220903537,1.132043085221633,1.132043085221633,0.0,23.0
0.0,0.1268408173103643,1.143489457230461,Inf,3.0,24.0
1.0,1.357808987784361,0.38811610132585844,Inf,3.0,25.0
0.0,0.9808964965076191,0.0,2.0796372231266935,1.0,26.0
0.0,-0.43085598197297936,3.394645093449713,Inf,3.0,27.0
1.0,-0.45155058239184104,0.4918656491504008,Inf,3.0,28.0
0.0,0.10932182224685348,0.6083693254511399,Inf,3.0,29.0
1.0,0.48208810617119136,1.0332180519511034,1.0332180519511034,0.0,30.0
1.0,-0.3727060900216685,0.0,1.7852702445323214,1.0,31.0
1.0,0.3640691524865666,0.0,1.9223034723850048,1.0,32.0
1.0,-0.803961488428592,0.6481417885858962,Inf,3.0,33.0
1.0,-0.3999279435604267,1.6797454431313041,3.0482666712508335,2.0,34.0
1.0,0.7003927986863854,0.9531746535912492,0.9531746535912492,0.0,35.0
0.0,1.957814024804057,0.0,1.0936505135961625,1.0,36.0
1.0,-0.05123820788552154,0.6842482813682781,0.6842482813682781,0.0,37.0
0.0,-0.7330672982208654,1.806384998066103,1.806384998066103,0.0,38.0
1.0,0.05805207118821731,0.398026913819578,Inf,3.0,39.0
1.0,-0.7102705352568596,0.34481373635982865,1.119703559376219,2.0,40.0
1.0,0.9149207956067811,0.6503820784350792,0.6503820784350792,0.0,41.0
0.0,-1.0041365097194623,2.1719751445647675,4.2665462974057915,2.0,42.0
0.0,0.34004829182968976,3.5341948889415407,3.5341948889415407,0.0,43.0
1.0,0.5013848136973705,1.032224204483803,Inf,3.0,44.0
1.0,0.1801041554465427,0.0,1.0402862452700814,1.0,45.0
1.0,-1.4972996092606334,1.678731982776615,1.678731982776615,0.0,46.0
1.0,0.6322139062457348,0.010820308383014272,1.8216914539280473,2.0,1.0
1.0,0.3612540860442143,0.23198994209039908,3.1708119365406398,2.0,2.0
0.0,-1.0530247906826982,5.293937388158067,Inf,3.0,3.0
1.0,0.6955085350412596,0.0,0.8878935889120254,1.0,4.0
0.0,1.9653594472872598,0.5289125766080714,1.7304959804524855,2.0,5.0
0.0,-1.504682606603457,2.311567599818484,Inf,3.0,6.0
1.0,-0.03095655560936826,0.0,1.1629105891599276,1.0,7.0
1.0,0.6346537921520267,0.31288365478667646,0.31288365478667646,0.0,8.0
1.0,-0.51935049695402,0.0,1.2023286234673718,1.0,9.0
0.0,1.58411328598213,0.12306798478926273,Inf,3.0,10.0
1.0,1.051262221826363,0.41464300857275443,1.3995021543907198,2.0,11.0
1.0,2.0376699298202876,0.600620763003186,2.4644536474755587,2.0,12.0
0.0,1.5677661933929607,1.0541392452481981,Inf,3.0,13.0
1.0,-0.6660651111543862,0.2693889612470229,3.630930714246692,2.0,14.0
0.0,1.1005907981233682,1.7430843052417755,Inf,3.0,15.0
0.0,-0.054954059830885804,0.6886773983266885,Inf,3.0,16.0
0.0,-0.11448301815216827,1.4537063084527213,Inf,3.0,17.0
0.0,-2.5889439656778053,0.7984714851205318,Inf,3.0,18.0
0.0,-2.205383300308171,1.6365840979020363,Inf,3.0,19.0
0.0,-0.823221809318587,3.398071254039948,3.398071254039948,0.0,20.0
1.0,-1.34195714055633,2.3139628355199116,3.124773061191347,2.0,21.0
0.0,-0.1674845661147441,2.9126444925530772,5.7774975619431155,2.0,22.0
1.0,0.4918539523794656,0.0,1.5081013102493106,1.0,23.0
0.0,-0.13380987567924105,0.0,6.580458354935545,1.0,24.0
1.0,-1.977809868060554,3.904035781360749,Inf,3.0,25.0
1.0,1.3592221301285368,0.0,0.3726160495702695,1.0,26.0
1.0,0.2535571602173375,2.7342820495035873,2.7342820495035873,0.0,27.0
0.0,0.7382839514750752,0.887350791790307,1.6220913706405637,2.0,28.0
1.0,1.1170603802906043,0.0,1.0635909182801466,1.0,29.0
1.0,0.7568453750012812,0.0,1.9501683752846026,1.0,30.0
1.0,0.21343257266345994,1.0069847652317794,2.136499147217644,2.0,31.0
0.0,-0.8491615865197358,1.7644737734741582,Inf,3.0,32.0
1.0,-1.383050461500443,3.4568294473344903,Inf,3.0,33.0
0.0,-1.7033369413918307,3.3352334832689245,Inf,3.0,34.0
1.0,1.4098261968611865,0.11524540695523167,1.3908656897560263,2.0,35.0
1.0,-0.27926433351551816,0.0,3.3204708715597775,1.0,36.0
0.0,0.09273071566239237,0.1389836302009901,1.374248897744316,2.0,37.0
1.0,-1.1261843682560813,1.9182682114588963,2.079092623329113,2.0,38.0
1.0,-0.5512291855179037,0.0,2.960572102625654,1.0,39.0
1.0,-0.838494443544429,1.9063544726451398,2.4630298041313674,2.0,40.0
1.0,-0.4237083101207216,0.0,1.9477521427828661,1.0,41.0
0.0,3.542520033405273,0.0,2.257306081439509,1.0,42.0
1.0,-1.6224918510457338,4.919775818534435,4.919775818534435,0.0,43.0
0.0,0.39879428135620354,1.0498074592423636,Inf,3.0,44.0
1.0,1.5839039799910872,0.6530007904527793,Inf,3.0,45.0
1.0,-1.2953655965446595,1.9691661827409883,1.9691661827409883,0.0,46.0
0.0,1.2397418325520912,0.5676098176034485,0.5676098176034485,0.0,1.0
1.0,-0.932065804365355,0.8163431504172622,5.173719277932455,2.0,2.0
0.0,-0.2599230740467222,2.7115522200872855,Inf,3.0,3.0
0.0,1.175848017838301,0.28754949513850836,0.7032134872846302,2.0,4.0
0.0,0.022147596877955728,0.8006444908037336,1.1677275071922042,2.0,5.0
0.0,1.8873120975703233,1.565753076349993,1.565753076349993,0.0,6.0
0.0,0.07238668311575276,1.5730348633067943,Inf,3.0,7.0
1.0,0.6730855836001237,2.1927227959927804,2.1927227959927804,0.0,8.0
1.0,1.0124583002731735,0.07419329375385124,2.7836965459569925,2.0,9.0
0.0,0.21786582333951432,2.8838962754197652,Inf,3.0,10.0
0.0,-0.9123609725572732,4.80468989182127,4.80468989182127,0.0,11.0
1.0,0.8571708117688611,0.07654097694499434,5.058646132475897,2.0,12.0
1.0,-1.846343211967014,0.35028348663420406,Inf,3.0,13.0
1.0,-1.075562088006627,2.158189894819682,Inf,3.0,14.0
0.0,-0.7283287817261561,1.2364133743764276,1.2364133743764276,0.0,15.0
1.0,-2.0406241917596755,0.20634485155479854,Inf,3.0,16.0
0.0,1.4616706790006908,0.9328017305666172,Inf,3.0,17.0
1.0,-0.20176511704631936,0.0,3.15344162791155,1.0,18.0
1.0,0.5967132307181987,1.3113752738975115,1.4684464998078024,2.0,19.0
0.0,-0.7215644844007504,1.1866494435070218,Inf,3.0,20.0
1.0,0.9754039400754095,0.2957793024818185,0.4419118176443375,2.0,21.0
0.0,0.884341311158714,1.3213205786868165,1.3213205786868165,0.0,22.0
1.0,1.3918721299192192,0.0,1.298849351754696,1.0,23.0
0.0,-0.14826147882559731,0.0,3.3087817734503573,1.0,24.0
0.0,0.5220945376379266,1.2600089882911472,Inf,3.0,25.0
1.0,1.1731931516884557,0.0,1.2720677052879819,1.0,26.0
1.0,0.33254100294635275,2.9686542880600513,2.9686542880600513,0.0,27.0
0.0,0.16039263033418621,1.5540272166119855,Inf,3.0,28.0
1.0,0.5270841601759457,0.0,1.3991432642194228,1.0,29.0
0.0,0.1886523947236127,0.0,1.9184489252169732,1.0,30.0
0.0,0.6598993538236346,1.6215278585380106,1.6215278585380106,0.0,31.0
1.0,0.5707508279792507,0.0,1.8406340382789865,1.0,32.0
1.0,0.6120987314292317,0.8445486565884212,Inf,3.0,33.0
0.0,0.2957402368084809,1.715841715299869,1.715841715299869,0.0,34.0
0.0,1.5377365567031893,1.5648061471203356,1.7225823485641867,2.0,35.0
1.0,-1.9506305411222489,0.5033962581726784,Inf,3.0,36.0
0.0,1.166057380788953,0.0,1.5681138869965074,1.0,37.0
0.0,0.17192179140316194,1.4861662370120006,1.8817872523641828,2.0,38.0
1.0,-0.5142956928853377,0.3443811831350714,Inf,3.0,39.0
0.0,-0.7808724589191297,0.34465404340231925,1.2225978365220416,2.0,40.0
0.0,0.212758034208933,1.2408756789531052,1.2408756789531052,0.0,41.0
1.0,-0.8647336317143509,0.0,2.880304636197465,1.0,42.0
1.0,0.4773480889741973,0.435755231622117,Inf,3.0,43.0
0.0,1.1819220496738099,0.8342606905485607,Inf,3.0,44.0
1.0,1.1690102544911567,0.0,2.1877084344340703,1.0,45.0
0.0,-0.8106201838929498,4.031464927763221,8.098654430789873,2.0,46.0
0.0,-0.30133785337145735,0.7940376802605056,5.164248649276557,2.0,1.0
1.0,0.7134595587794105,0.1709941918123427,1.1989604992153335,2.0,2.0
1.0,1.3775098989317542,0.0,1.2617051791718805,1.0,3.0
1.0,-0.4073657449631186,0.9230773504869796,2.8474674445037524,2.0,4.0
0.0,2.2068666910026167,1.3078019550300188,1.3078019550300188,0.0,5.0
1.0,1.102949201750528,1.0819775135944916,2.759743143131031,2.0,6.0
0.0,0.48711882287167085,0.5099232570453127,3.257004070218586,2.0,7.0
0.0,0.6768542417194718,0.9433497737655672,2.6783303973388306,2.0,8.0
0.0,0.14224235908984367,0.059637651877237303,0.7165546314057059,2.0,9.0
0.0,1.1178302808953675,1.1286599870501357,Inf,3.0,10.0
1.0,0.5901710058679224,0.8161430147812163,Inf,3.0,11.0
1.0,-0.5273053967970187,2.416116655047898,4.12370586446753,2.0,12.0
1.0,0.548088445744531,1.9962515373224807,3.5954834941448963,2.0,13.0
1.0,0.2462178493269643,0.0,1.0312118227534472,1.0,14.0
0.0,-0.814406651321968,2.144025111438215,8.0016994204884,2.0,15.0
0.0,1.0252723947175815,1.028007043375966,Inf,3.0,16.0
1.0,1.2793595569379268,0.1302303394698186,0.1302303394698186,0.0,17.0
0.0,-0.11240120865088864,3.323214292210867,Inf,3.0,18.0
0.0,0.999495018497836,1.1359383840820731,2.073972203562794,2.0,19.0
1.0,-0.33809408854116507,1.9905060776842602,Inf,3.0,20.0
1.0,1.875908102868744,0.07236473430157406,0.4734593974991571,2.0,21.0
0.0,1.2282829535207331,1.3142068396691178,1.3142068396691178,0.0,22.0
1.0,1.2350778759737147,0.33108359346932137,Inf,3.0,23.0
0.0,0.3126930929236066,2.625854410398621,3.5950909575985155,2.0,24.0
0.0,0.32549306666846817,1.2721867616464457,1.2721867616464457,0.0,25.0
1.0,-0.5439044490773722,1.1190384773276059,Inf,3.0,26.0
1.0,1.0956688840245832,0.6975962728043325,Inf,3.0,27.0
0.0,0.29253678170635217,1.1933785118666498,1.8567812144532048,2.0,28.0
1.0,-0.4759247448764802,0.0,0.7391128636762937,1.0,29.0
1.0,-0.7868797286958776,1.105039727268038,Inf,3.0,30.0
1.0,-0.25423089313600805,0.8685907684600432,Inf,3.0,31.0
1.0,1.799548870704087,0.0,0.7879228458555314,1.0,32.0
1.0,1.9186973641747975,0.0,2.40612118959113,1.0,33.0
1.0,-0.5596781745938911,1.7508039810149738,3.7850748707861275,2.0,34.0
1.0,0.8472205108258218,1.0878544163840196,2.3371432078638312,2.0,35.0
1.0,1.5563808249355429,0.06307223223271237,2.276332436272129,2.0,36.0
0.0,1.5628995827602241,0.0,0.9385870540744816,1.0,37.0
0.0,0.8904580483058645,0.5339826056488909,0.5339826056488909,0.0,38.0
1.0,-0.1082897530675438,0.20378563580036677,3.515350695152232,2.0,39.0
1.0,-0.5814782383746023,0.4640006756673333,1.4847052919873618,2.0,40.0
0.0,-0.13198176603994338,0.0,0.8468945680964198,1.0,41.0
0.0,-2.53445449508608,2.0538957830536706,5.693766308114794,2.0,42.0
0.0,-1.104709788194613,4.292226201789584,4.292226201789584,0.0,43.0
0.0,-0.31848004670748875,0.6639345152532826,0.6639345152532826,0.0,44.0
1.0,-2.334814670829599,1.7288480690626584,Inf,3.0,45.0
0.0,0.4935668862629442,0.0,1.3450643193600829,1.0,46.0
1.0,1.722016210971003,0.0,1.076484388227785,1.0,1.0
1.0,-1.7119637245099688,3.6932533039978277,3.6932533039978277,0.0,2.0
1.0,-0.37015139901309096,1.5799314653570091,1.5799314653570091,0.0,3.0
1.0,-0.3864739555975634,0.7676691742938409,Inf,3.0,4.0
1.0,0.15926834689193428,0.772930534205803,2.1695180236971554,2.0,5.0
0.0,0.5798613853156223,0.0,2.685134190879499,1.0,6.0
0.0,-1.3118382262610482,1.0610588700040753,Inf,3.0,7.0
0.0,1.6119972478785565,0.0,1.8996972086889572,1.0,8.0
1.0,0.06478173949910543,0.8705275212416864,Inf,3.0,9.0
0.0,-0.8343153682784132,3.6653511798950076,Inf,3.0,10.0
0.0,-0.7014122925376549,0.8206284379279029,Inf,3.0,11.0
0.0,0.5221008361453143,0.4679257393922102,2.508758692424601,2.0,12.0
0.0,-0.36462893645262573,0.21483551668421633,2.065771340097267,2.0,13.0
1.0,0.9602605102912587,1.5115631673422367,Inf,3.0,14.0
0.0,-0.5827673888216538,2.3439992361719817,Inf,3.0,15.0
1.0,0.10018410238028366,0.0,2.215449352413895,1.0,16.0
0.0,-0.15352464438405566,0.6883008677750332,Inf,3.0,17.0
1.0,-0.26851263454756374,1.8369297083316196,Inf,3.0,18.0
1.0,1.8217732418903931,0.0,0.5622624422355849,1.0,19.0
1.0,2.8716111077018502,0.0,0.21492168447132887,1.0,20.0
0.0,1.7569632229681773,0.02835510084994456,0.565837678722979,2.0,21.0
0.0,-1.546692684478257,0.4651207191575569,Inf,3.0,22.0
1.0,-0.7495225365629148,3.042166067645244,Inf,3.0,23.0
1.0,-1.678142550024893,3.788149671348602,Inf,3.0,24.0
1.0,1.185190616167027,0.3914075197639015,3.14981552451423,2.0,25.0
0.0,-1.2149240385833722,0.756771750693614,3.3949011585620763,2.0,26.0
0.0,0.8991779945841097,3.186606441782746,Inf,3.0,27.0
0.0,-0.04688881744377693,0.4123975486382331,0.4123975486382331,0.0,28.0
0.0,-0.796266073155866,2.2242888776242182,2.2242888776242182,0.0,29.0
1.0,-1.3638833873118872,0.21510373311645,Inf,3.0,30.0
0.0,1.3627153848736733,0.20137652348590707,2.2986152448269914,2.0,31.0
0.0,0.02496782466331612,0.7463031194603956,Inf,3.0,32.0
1.0,0.4699534348041307,0.3882141639164671,0.3882141639164671,0.0,33.0
0.0,-2.009167286684576,1.3983953953048889,Inf,3.0,34.0
0.0,0.4584997704142597,0.0,2.132564451811291,1.0,35.0
1.0,-0.24182862732164515,0.1329428093389776,0.1329428093389776,0.0,36.0
0.0,-0.5005333531857639,0.8804247424617734,1.4457277995097375,2.0,37.0
1.0,0.9310325489881714,0.0,0.8124356275464448,1.0,38.0
1.0,0.773102217533179,0.0,0.35376475729830326,1.0,39.0
0.0,-0.666409050355179,0.0,1.204137069510811,1.0,40.0
0.0,1.530718824087802,0.38701407462590764,0.38701407462590764,0.0,41.0
0.0,0.44687538834482793,1.2273688044368518,1.5696930506517686,2.0,42.0
0.0,-0.7848732181525951,3.003845312467673,Inf,3.0,43.0
1.0,-1.2173736969290296,3.0503310300869746,6.098944683119507,2.0,44.0
0.0,-0.0930829476417122,0.6714771482560719,0.6714771482560719,0.0,45.0
1.0,0.35455238404171613,0.0,0.8810249356002817,1.0,46.0
0.0,-0.025077151749372098,2.125579600094434,4.555054154436778,2.0,1.0
1.0,-0.6686591423589822,0.3040166247499272,0.6868303707310348,2.0,2.0
0.0,-0.47092864162216735,2.329690556850082,Inf,3.0,3.0
0.0,-0.8208422130581031,3.676459452491731,3.676459452491731,0.0,4.0
1.0,-0.29568854680235357,1.86332797973981,2.1868107485657187,2.0,5.0
1.0,0.9795123348058311,0.9585581569343198,0.9585581569343198,0.0,6.0
1.0,0.42186670852176267,0.0,1.630022646720605,1.0,7.0
0.0,-1.5759396409887778,4.0868611979645335,6.559841299971542,2.0,8.0
1.0,0.02975679943277578,0.12526174327603634,0.908756255066746,2.0,9.0
0.0,1.8005835917581592,0.06155380177380456,0.9644593778709992,2.0,10.0
0.0,1.3115057432475934,0.0,1.6275150939087695,1.0,11.0
1.0,-0.19907592742192148,1.4497537887158638,3.279260012379316,2.0,12.0
0.0,-0.22766980551884566,1.2819941925066491,Inf,3.0,13.0
0.0,0.23249097804275906,1.688141498018907,Inf,3.0,14.0
0.0,-0.7850356508693439,3.398887504515619,Inf,3.0,15.0
1.0,-0.11200882358479543,2.7135525800662186,2.7135525800662186,0.0,16.0
1.0,-0.0026594851471860963,0.9031870067954723,0.9031870067954723,0.0,17.0
0.0,0.3297668352338446,0.7249321451656723,0.7249321451656723,0.0,18.0
1.0,-1.3484917534276735,0.0,3.31527253906337,1.0,19.0
1.0,0.3156281244243128,0.8859678288866017,1.137671648888455,2.0,20.0
1.0,1.736851450350141,0.146181622967994,0.146181622967994,0.0,21.0
1.0,1.2583531261031067,0.07164904593059777,Inf,3.0,22.0
1.0,-0.11522795325183481,0.7061184775450189,Inf,3.0,23.0
0.0,-1.429753117207592,1.9849553999010898,Inf,3.0,24.0
0.0,-0.7550052102368341,2.0043472914109466,Inf,3.0,25.0
1.0,0.18966921536993028,0.0,3.071530820023451,1.0,26.0
1.0,0.191550282591406,1.3759137447220442,Inf,3.0,27.0
1.0,-0.0010546918909493063,1.0259781048676182,2.8292205398941843,2.0,28.0
0.0,-1.2245919955592355,0.4924591568324415,0.8077351636105468,2.0,29.0
0.0,0.0861159054601824,2.25658760975872,2.25658760975872,0.0,30.0
0.0,0.12422801036165912,2.2430757445915352,2.2430757445915352,0.0,31.0
1.0,1.3270801904754856,0.0,1.9759192681183575,1.0,32.0
0.0,-0.21480548544441083,1.5524761490417944,1.5524761490417944,0.0,33.0
0.0,0.23243270418677126,0.0,6.873703486533233,1.0,34.0
1.0,0.9237028590204732,0.0,2.0650404566507046,1.0,35.0
0.0,-0.1872040108742519,0.0,0.49919003005446794,1.0,36.0
1.0,1.4426025138490213,0.09725717512621215,1.4887139317221725,2.0,37.0
0.0,0.6284735772219242,0.33961800872778697,Inf,3.0,38.0
0.0,0.19718474279487302,0.0,1.0054037887160925,1.0,39.0
0.0,-0.8550720943963628,0.0,1.7381907861374992,1.0,40.0
0.0,0.5883223608509605,1.3656924268159412,1.3656924268159412,0.0,41.0
1.0,-0.6920107128863133,0.0,0.975977433349389,1.0,42.0
1.0,-0.5658923595913994,3.974812320056906,3.974812320056906,0.0,43.0
0.0,0.2696913819292951,2.4131494238585525,3.6953665676269623,2.0,44.0
0.0,1.100618353251457,0.8649129462163146,0.8649129462163146,0.0,45.0
1.0,-0.5484224830986459,1.7365259273717686,2.2753891053237902,2.0,46.0
1.0,-1.2346570195851505,0.034827030866808696,Inf,3.0,1.0
1.0,0.86019589045522,2.2403381782857203,2.2403381782857203,0.0,2.0
1.0,1.2739166644635764,0.0,1.9977562192521974,1.0,3.0
1.0,-2.286457327337419,3.547138957492599,4.962017941643946,2.0,4.0
0.0,-0.11089173460525123,2.4823204174918994,2.4823204174918994,0.0,5.0
0.0,0.47385211827689844,0.7090550776664086,0.7090550776664086,0.0,6.0
1.0,0.2986805845697303,3.1370227549127105,Inf,3.0,7.0
1.0,1.2673348701206328,0.5062230935399022,0.5062230935399022,0.0,8.0
1.0,-0.32260711859938546,2.901730705741753,Inf,3.0,9.0
1.0,1.2649367425671152,0.018167464913556683,2.0798818733394633,2.0,10.0
1.0,0.8272226869491084,0.8092403616129924,2.233540482555914,2.0,11.0
1.0,0.8474533270509758,0.5205828362250514,Inf,3.0,12.0
0.0,-0.5600987871846415,2.652750359125741,2.652750359125741,0.0,13.0
1.0,-0.26628657712450265,0.0,4.430148727789874,1.0,14.0
1.0,0.23394885269364277,0.16933253777446886,0.16933253777446886,0.0,15.0
1.0,-0.601922373817102,1.1900417673472004,Inf,3.0,16.0
0.0,0.49385279067841886,0.0,2.347888651165097,1.0,17.0
1.0,-0.5915444149751142,1.2578819107431507,Inf,3.0,18.0
0.0,-0.8425615076043864,4.864930089354742,Inf,3.0,19.0
0.0,0.5628553658683325,1.3929535499115424,3.0343744409968987,2.0,20.0
0.0,2.4901923431099284,0.0,1.02334352681396,1.0,21.0
0.0,-0.39737403796027176,0.6138071705495833,Inf,3.0,22.0
1.0,2.0126955000324975,1.0421297232672766,Inf,3.0,23.0
0.0,0.4858455640176095,0.6184019995887086,0.6184019995887086,0.0,24.0
1.0,-0.25450857274740446,1.8531496878825897,2.6906970305569047,2.0,25.0
0.0,-0.3277945705635386,0.0,1.1698273951123392,1.0,26.0
0.0,0.5304469585509535,1.039282041088306,Inf,3.0,27.0
0.0,-1.1042375198809131,0.23710588491599216,2.01194126617128,2.0,28.0
1.0,-1.5207045265187666,0.9856196058257751,Inf,3.0,29.0
1.0,-0.24624883272944703,0.0,2.6889832332317987,1.0,30.0
0.0,1.4281359405156584,0.0,0.7325145292997455,1.0,31.0
0.0,1.330985051156613,0.0,1.8453131277913988,1.0,32.0
1.0,0.14841457785402337,0.0,3.1253112683718265,1.0,33.0
0.0,-1.0803451054544473,0.05392966724335037,Inf,3.0,34.0
1.0,-0.12231821958496945,0.5711951477410456,Inf,3.0,35.0
0.0,-0.794983348077144,0.7630114609645684,Inf,3.0,36.0
0.0,-0.2537474493948992,2.2207827095520494,Inf,3.0,37.0
1.0,-0.4720843755779532,2.1657436678880364,Inf,3.0,38.0
1.0,-0.8853744965857143,0.0,0.5167664696869877,1.0,39.0
1.0,1.3476709573066534,0.3377079150196515,Inf,3.0,40.0
0.0,0.13508151515666839,0.6053944146016864,1.2440193592992892,2.0,41.0
1.0,1.0548865226456432,0.8065813472291568,1.514733908044425,2.0,42.0
1.0,0.28996278535800624,0.0,0.5860191947086453,1.0,43.0
1.0,-0.5082609243508143,1.4178314602528843,Inf,3.0,44.0
1.0,-0.6921925172558446,0.4726004306180337,2.1212712711887125,2.0,45.0
0.0,0.7431446461098072,0.0,1.3569368249183382,1.0,46.0
1.0,-1.21515524765233,0.2523030291598295,Inf,3.0,1.0
0.0,0.7119580033989532,0.0,0.6889664371240062,1.0,2.0
0.0,-0.18242805926050915,1.7858414052504077,Inf,3.0,3.0
0.0,0.5002540785302482,1.283632983377124,Inf,3.0,4.0
1.0,-0.10112819527284682,2.540273523889725,2.540273523889725,0.0,5.0
1.0,-0.18418042694367814,0.32814349246835095,3.2681560110382217,2.0,6.0
1.0,0.8956178301484864,1.9912361960227065,Inf,3.0,7.0
0.0,0.777067467228881,0.0,2.6297247259260725,1.0,8.0
1.0,-0.6886723463247001,0.4571908374459202,2.141391352968605,2.0,9.0
1.0,0.09188192902580639,0.9510746120062541,Inf,3.0,10.0
0.0,0.43574648921393183,0.8849933394240992,Inf,3.0,11.0
1.0,0.16914383394805474,0.22126694164536764,Inf,3.0,12.0
0.0,-1.251329829747373,0.3096222604500772,Inf,3.0,13.0
1.0,-1.1137585958439395,1.8919352261209952,1.8919352261209952,0.0,14.0
0.0,1.7094584275912028,2.3291002541362227,Inf,3.0,15.0
1.0,0.06694271230240786,0.23974637785139957,1.9927417398002296,2.0,16.0
0.0,-0.6315898750579076,1.2375717493156564,1.2375717493156564,0.0,17.0
1.0,-0.7475187384941082,2.0766902721682543,Inf,3.0,18.0
0.0,-1.584682217213367,2.403614716745567,2.403614716745567,0.0,19.0
1.0,0.9171185202838229,0.35409571449528965,0.35409571449528965,0.0,20.0
1.0,-0.6328869802778807,1.76176796863783,1.76176796863783,0.0,21.0
0.0,-1.220526427365834,7.127558889418375,7.455206019007723,2.0,22.0
1.0,-0.658349542614196,2.5001673207667534,2.5001673207667534,0.0,23.0
1.0,-0.0899798116203971,0.5685250431840482,Inf,3.0,24.0
1.0,-0.2617464423610799,3.160464652118222,4.272180743654756,2.0,25.0
0.0,-1.4894351073569445,4.969426367390586,4.969426367390586,0.0,26.0
1.0,-1.238455168887312,0.8597987455943924,Inf,3.0,27.0
0.0,1.0761970113725647,0.3549085148518429,1.2938483231490667,2.0,28.0
0.0,-0.0018397829268392586,2.590592849029904,Inf,3.0,29.0
1.0,0.3704684533583145,0.0,1.726721678457663,1.0,30.0
1.0,0.46376688899657276,1.6090007934645607,1.6090007934645607,0.0,31.0
1.0,-1.6395426874699177,3.6587127398767243,4.311725864056675,2.0,32.0
0.0,0.11786255259706867,3.310489091039681,Inf,3.0,33.0
1.0,-0.7949290462020449,0.8807094214579917,2.6833840695692084,2.0,34.0
1.0,0.5737387351969135,2.028906875017947,2.028906875017947,0.0,35.0
1.0,-0.2828661294579532,0.15306366450339548,Inf,3.0,36.0
1.0,-0.4806222655712029,0.9191706806427586,Inf,3.0,37.0
0.0,0.6855150132395695,0.6055225729265188,0.6055225729265188,0.0,38.0
0.0,0.05080853075189525,0.13225739183962634,0.4898121777996296,2.0,39.0
0.0,-1.6535538518872959,1.2789141162483126,Inf,3.0,40.0
0.0,0.6516457437017755,0.11342527362429347,Inf,3.0,41.0
1.0,-2.1278196428782183,0.0,2.9237589146847944,1.0,42.0
0.0,0.37592252014301636,0.6350618944414016,1.7785136403362811,2.0,43.0
1.0,-0.9822446736586671,2.322267691743578,Inf,3.0,44.0
0.0,-0.2969334250594919,0.7100693392673796,Inf,3.0,45.0
0.0,1.734843891322216,0.0,1.516557192887385,1.0,46.0
1.0,-0.9623496600927468,2.469803785374799,Inf,3.0,1.0
0.0,-1.3656500028306526,4.123300719437482,5.920132670721152,2.0,2.0
1.0,-0.5615621846652251,1.54966412522445,Inf,3.0,3.0
0.0,1.3328163244893063,0.9964879321674227,2.0462396017431406,2.0,4.0
0.0,0.5168481815622391,1.1281558592453709,2.9304944064672016,2.0,5.0
0.0,0.011301502160440006,0.0,3.628712350762843,1.0,6.0
0.0,-0.7057938311570964,1.4066243413989663,Inf,3.0,7.0
0.0,-0.07938933238379225,2.1056819070843376,Inf,3.0,8.0
1.0,0.3410993855092536,1.4158597178182284,1.8675987442923019,2.0,9.0
1.0,-0.49321907625822553,3.3029396509677844,3.3029396509677844,0.0,10.0
1.0,-0.31559255418325355,1.9188819290894505,1.9188819290894505,0.0,11.0
1.0,0.2789351274515347,1.5530231184989098,1.5530231184989098,0.0,12.0
1.0,0.4233911592605701,1.2309741720857126,Inf,3.0,13.0
1.0,-0.5707175402476157,0.12007373383702356,1.4900891018680036,2.0,14.0
1.0,-0.6055086921384121,4.421700225196227,Inf,3.0,15.0
1.0,0.026285989919982065,1.621839480356006,1.621839480356006,0.0,16.0
0.0,-1.0638984054227754,1.488714695770558,1.488714695770558,0.0,17.0
1.0,-0.5549056391601346,0.0,4.337178193333859,1.0,18.0
0.0,-1.770350084171058,0.8398280607089772,Inf,3.0,19.0
0.0,0.950797996287565,0.49726792549683557,2.229010460787632,2.0,20.0
1.0,-0.9788349145631161,0.0,2.026121249297359,1.0,21.0
1.0,1.569206542603245,0.4593034302033093,Inf,3.0,22.0
1.0,2.2526816979953166,0.5768463744576456,0.5768463744576456,0.0,23.0
0.0,-0.9584406904548113,2.8153250151298495,Inf,3.0,24.0
0.0,-1.0874645157012863,1.2725119183905322,Inf,3.0,25.0
0.0,-0.13797384990914244,0.29677431533002274,Inf,3.0,26.0
1.0,0.9397892863313503,1.2740360887510818,2.20979430727364,2.0,27.0
0.0,-0.4477600330500753,3.7264947328327334,3.7264947328327334,0.0,28.0
0.0,-1.4156388078432576,1.651234772996496,Inf,3.0,29.0
0.0,0.5315821748711138,0.6884998152717561,0.928574891497243,2.0,30.0
0.0,-0.43068692343030357,3.6715091632190044,Inf,3.0,31.0
0.0,1.7656143844780672,1.4849686962312603,1.4849686962312603,0.0,32.0
1.0,0.1487467661147369,0.33229359078262194,2.4240926521867006,2.0,33.0
1.0,-0.6355278513623581,0.0,2.491062605101685,1.0,34.0
0.0,0.2529613459295327,3.038041844073483,3.038041844073483,0.0,35.0
0.0,2.5486056068962646,0.09873040811888367,0.09873040811888367,0.0,36.0
0.0,1.1682300798533796,0.0,1.0680822427201186,1.0,37.0
1.0,-1.0532952922413035,0.0,1.122030408755269,1.0,38.0
0.0,-1.2479524855036208,0.2877783801395463,0.2877783801395463,0.0,39.0
0.0,-0.8621530755587357,0.7665945404847417,3.517296796826546,2.0,40.0
1.0,-0.20764258583348547,0.44894941488149953,1.127420911979399,2.0,41.0
1.0,2.1547623684284507,0.0,1.9385839553008835,1.0,42.0
1.0,-0.13072159935476788,1.691925598173605,3.099712149055776,2.0,43.0
0.0,-1.1604313088905924,1.560395589355396,3.3940415054945507,2.0,44.0
1.0,0.5595013911812236,0.0,0.6741315791163138,1.0,45.0
1.0,-0.28845865321850106,0.0,1.1160632965239403,1.0,46.0
0.0,-0.8439374693577257,0.23767720729898928,0.40984960760195543,2.0,1.0
1.0,0.11049867175882126,0.34518891146818476,Inf,3.0,2.0
1.0,-1.2051989354167216,2.477400821250535,Inf,3.0,3.0
1.0,0.37177762295502065,0.0,1.273812523556015,1.0,4.0
0.0,0.4694117888445771,2.53620191222898,4.025055779582179,2.0,5.0
1.0,-0.11668515844859886,2.7129497822253685,2.7129497822253685,0.0,6.0
0.0,0.5797078092517762,2.454468702338041,Inf,3.0,7.0
0.0,0.4251207513919155,0.0,1.2721822025226632,1.0,8.0
0.0,0.7620924131146571,0.0,5.79267326877364,1.0,9.0
0.0,1.376005989712706,0.0,6.213017880266143,1.0,10.0
1.0,-0.7251490910658712,0.0,3.1859057307818097,1.0,11.0
0.0,-1.1441557294574092,0.8772346096752699,Inf,3.0,12.0
1.0,-1.9929418760573996,3.0845984640143467,5.5606483486001546,2.0,13.0
1.0,-0.5969738102624819,0.0,1.9437339675047653,1.0,14.0
0.0,-2.5064796631894213,2.9034750771449693,Inf,3.0,15.0
1.0,-2.3561379618329683,0.0980125814615546,Inf,3.0,16.0
1.0,0.5167586966992493,0.17864444269430632,0.17864444269430632,0.0,17.0
1.0,1.2909228220769675,0.7619459014034397,4.121040679414625,2.0,18.0
0.0,0.48134397107781624,0.6900937201964145,Inf,3.0,19.0
1.0,-0.5728383162459976,0.9472815370216322,2.2646897281720935,2.0,20.0
1.0,0.07837438954843039,1.553094735028535,1.553094735028535,0.0,21.0
0.0,-0.6273669482856988,0.0,3.436585099838189,1.0,22.0
1.0,1.1400911061420005,0.0,2.798687730075851,1.0,23.0
1.0,-1.0455970062516922,2.7885394266590042,4.29282499353802,2.0,24.0
0.0,0.35144280675731865,0.7400727739543707,Inf,3.0,25.0
1.0,-0.013082458294678322,0.0,1.9928776953865939,1.0,26.0
1.0,-1.3805472413742588,2.6725095214686405,Inf,3.0,27.0
0.0,0.03140366824278727,0.8147393088789965,1.6079717754843998,2.0,28.0
1.0,-1.0328983060405146,0.0,1.1415597194074678,1.0,29.0
1.0,-1.0022074732758088,1.1242309790842886,Inf,3.0,30.0
0.0,-2.157375673519401,2.9579461209589346,Inf,3.0,31.0
0.0,-0.5492414620118252,0.0,1.116610952268687,1.0,32.0
1.0,-0.7489824946189956,2.555104275103889,2.555104275103889,0.0,33.0
0.0,-0.5832834864247549,2.2532195221903915,Inf,3.0,34.0
1.0,-0.5674917090913544,0.0,3.2399163837086955,1.0,35.0
0.0,-2.3409088548952846,2.027443957252782,2.027443957252782,0.0,36.0
1.0,-0.1888313475249969,1.5702771012675976,2.9923980809197426,2.0,37.0
0.0,0.9991703617903387,0.7076182265145996,2.41893170929459,2.0,38.0
1.0,-0.030111261717368953,0.5242055240804533,3.4063658688962843,2.0,39.0
0.0,0.8599660454572325,0.22656483766202296,0.9897200563738899,2.0,40.0
1.0,0.2069493544676998,0.16210521615219886,0.16210521615219886,0.0,41.0
1.0,-0.07633205024168893,1.9600168362667874,1.9600168362667874,0.0,42.0
0.0,-0.4672496685091636,2.3270278065921537,3.3285969749311697,2.0,43.0
0.0,0.10261405278415328,2.2897838030873534,2.2897838030873534,0.0,44.0
0.0,-2.112216337601747,3.735788768742183,Inf,3.0,45.0
1.0,0.4199562913467711,1.8833939241757902,1.8833939241757902,0.0,46.0
1.0,0.7064980696919552,0.0,4.426533838733665,1.0,1.0
0.0,-1.3002456056951135,2.810471118610998,Inf,3.0,2.0
0.0,0.7109783739658083,0.0,0.7249832452888904,1.0,3.0
1.0,0.4488478177935411,0.0,1.8804625694754062,1.0,4.0
0.0,0.4051322832178178,1.2636711182333527,Inf,3.0,5.0
0.0,0.0783541991197744,1.0135679086290972,3.23622665822797,2.0,6.0
0.0,-0.28958048853997376,2.794490295107078,Inf,3.0,7.0
0.0,-0.19247378364163256,1.0558301279586606,2.9888649268063037,2.0,8.0
0.0,-0.4736653181278653,0.0,0.9696644008764865,1.0,9.0
1.0,1.2405439059582835,1.024454585952504,5.202361940000565,2.0,10.0
0.0,-0.64320697377931,2.131504824733831,Inf,3.0,11.0
1.0,0.11296937224682702,0.34347688340997334,0.5544889616022872,2.0,12.0
0.0,0.3152684372499273,0.6734531683571489,0.6734531683571489,0.0,13.0
1.0,1.1036668556380618,0.0,2.4677729773276247,1.0,14.0
0.0,-0.8785418790360323,2.3095959134187414,2.3095959134187414,0.0,15.0
0.0,-1.2416572036231504,1.6556148780490751,Inf,3.0,16.0
0.0,0.32564601087379064,0.29966097747413645,4.935521687756253,2.0,17.0
0.0,0.9613292287884755,3.334283218377049,3.334283218377049,0.0,18.0
1.0,-2.2804557758690294,3.2735093858720594,Inf,3.0,19.0
1.0,-0.7156828238166493,0.3169836573621617,Inf,3.0,20.0
1.0,0.11757436739933042,0.873659929544658,0.873659929544658,0.0,21.0
0.0,-0.27445748273975296,2.4725912872294566,3.955418996141379,2.0,22.0
1.0,1.2161271668716862,0.595894998154657,0.595894998154657,0.0,23.0
1.0,1.4949944964596642,0.4409779701767935,Inf,3.0,24.0
0.0,0.27761756203876803,1.5709439670129801,5.527461066225515,2.0,25.0
0.0,0.7474543316439846,0.0,3.4459094950332454,1.0,26.0
1.0,0.49619554420741785,2.393045053847151,Inf,3.0,27.0
0.0,-0.46197374509325373,3.863209448584036,4.499819773176741,2.0,28.0
1.0,0.11959472605525168,1.755597476753572,4.719440695405491,2.0,29.0
0.0,-0.662179232772242,2.010056770938619,2.010056770938619,0.0,30.0
0.0,-2.1398039099322523,0.32390974575323117,Inf,3.0,31.0
1.0,0.33779574403237533,0.0,1.3946555964358494,1.0,32.0
1.0,-0.28309519375823733,0.5560168527108664,Inf,3.0,33.0
0.0,-0.26574340527629037,0.5170277764027073,0.5170277764027073,0.0,34.0
0.0,0.06506794865484937,0.0,3.225533025183514,1.0,35.0
0.0,1.1669618077411352,0.4466864790547153,0.4466864790547153,0.0,36.0
0.0,1.396102128950662,0.0,1.962341572662796,1.0,37.0
0.0,1.4821324033307621,0.1962348086072577,6.0531301754027895,2.0,38.0
0.0,-0.7432441177532766,0.0,2.93541799081705,1.0,39.0
0.0,1.7945513637809214,0.8780293817995187,Inf,3.0,40.0
1.0,0.0654521325730291,1.393311179187797,1.393311179187797,0.0,41.0
1.0,-1.4379956015438722,1.1575708182099151,2.710151150931353,2.0,42.0
0.0,-0.55312857944281,5.2266177238864575,6.644584214057041,2.0,43.0
0.0,-0.7837058296321502,2.0435169591297075,5.55424956875867,2.0,44.0
0.0,0.046052521038092306,0.0,2.053920830447411,1.0,45.0
0.0,-0.24655515629254063,1.1537999068430143,1.1537999068430143,0.0,46.0
0.0,1.3626728097303051,0.006332647586393957,3.4565343477557655,2.0,1.0
1.0,-0.18188606059800663,0.3669749307221933,Inf,3.0,2.0
1.0,1.5092765204176186,0.0,2.5996997345156703,1.0,3.0
0.0,-0.2656532966472464,2.2337569906911363,Inf,3.0,4.0
1.0,0.6649460206236726,0.0,1.3494819222743406,1.0,5.0
1.0,1.2873738886211301,0.3741818624889022,1.4362155819893918,2.0,6.0
0.0,2.4401350392542134,0.556230732300085,1.505123792001914,2.0,7.0
1.0,-0.1713903823897,0.0,1.9068431110576045,1.0,8.0
1.0,1.9120302183395117,0.6470337184420475,0.6470337184420475,0.0,9.0
0.0,0.4662563369000325,2.286627322235726,Inf,3.0,10.0
0.0,0.3529044382074368,2.6481416906171256,2.6481416906171256,0.0,11.0
1.0,-1.7595225302484796,2.086451567930347,2.086451567930347,0.0,12.0
0.0,0.5037850316061903,0.2674952753951445,Inf,3.0,13.0
0.0,0.3230657677612601,0.6987939159699151,0.6987939159699151,0.0,14.0
1.0,0.6592868656750556,0.05571486178377716,0.964279945980676,2.0,15.0
0.0,0.24132217783521026,0.4390465456923797,Inf,3.0,16.0
0.0,-0.9413915527299767,1.647331003230335,Inf,3.0,17.0
0.0,-0.34614146008546354,3.338736528941365,3.9445297245942026,2.0,18.0
0.0,0.695544394350094,0.7199431584292247,2.001703637793629,2.0,19.0
1.0,-0.34716531889774765,0.0,3.292180550077891,1.0,20.0
1.0,-0.7673588825395931,0.8305356699993005,4.812392490292862,2.0,21.0
0.0,-1.9213776522367845,6.402397102252004,6.402397102252004,0.0,22.0
0.0,0.09360564732699948,0.0,0.14903536041307558,1.0,23.0
1.0,1.0978858508722302,0.0,2.234364659781878,1.0,24.0
0.0,-0.9863343713934986,3.0192689630833636,Inf,3.0,25.0
1.0,0.49816149970686346,0.6588716055007645,2.3596918984630473,2.0,26.0
0.0,0.09107107799005604,1.6942012604466214,Inf,3.0,27.0
1.0,0.021613232099068052,0.8579976503253518,1.33910074632713,2.0,28.0
0.0,0.24495011684523668,2.016252348836303,Inf,3.0,29.0
0.0,-1.1586968041366623,0.3905872875208667,4.590992365579883,2.0,30.0
0.0,-1.5292586749402008,2.8665355868770366,4.390945822666161,2.0,31.0
0.0,0.8783121083338645,0.0,0.8661491235275275,1.0,32.0
0.0,0.8017644800721546,0.19985926157463835,2.3635544440752145,2.0,33.0
0.0,-0.2908291461733968,1.9534485531554404,1.9534485531554404,0.0,34.0
1.0,-1.2512187546073525,0.14425100063870921,Inf,3.0,35.0
0.0,0.5641575311164572,0.0,1.5931446967410599,1.0,36.0
0.0,0.7610365279155226,0.0,1.077397871950803,1.0,37.0
0.0,-0.015907498079151122,1.227601984743369,3.1340580938639238,2.0,38.0
0.0,1.842968290671537,0.0,0.6046107201943711,1.0,39.0
0.0,-0.5119662240195529,3.7816496293079105,4.499225698134235,2.0,40.0
1.0,-1.5934347383965153,3.3791653711713416,3.3791653711713416,0.0,41.0
1.0,-0.1330884777248708,1.6733203494113453,1.6733203494113453,0.0,42.0
0.0,-0.06078187298445556,4.733819025812198,4.733819025812198,0.0,43.0
1.0,-1.40921282321766,1.8288682125209197,Inf,3.0,44.0
1.0,1.322102477182511,0.0,2.41490852652469,1.0,45.0
0.0,-0.23208792382281077,1.0108130780743894,Inf,3.0,46.0
1.0,0.1745893439752977,0.0,0.8565009204671603,1.0,1.0
0.0,-0.45388298413327266,5.232525470432111,5.232525470432111,0.0,2.0
0.0,1.6853182546542107,0.0,1.458453100273013,1.0,3.0
1.0,2.032102330946004,0.25860170227678564,1.5880133527808544,2.0,4.0
1.0,-1.2489078637925197,0.4589344656477914,Inf,3.0,5.0
0.0,0.32156154021100064,0.3105809428282447,1.1785378543891523,2.0,6.0
1.0,0.11189126413587121,0.30455525528862737,Inf,3.0,7.0
1.0,-0.350547442062339,0.48057627934215214,2.1810895597548354,2.0,8.0
1.0,-1.6215438568395102,4.045299525450885,Inf,3.0,9.0
0.0,0.7053105274093434,3.206871390917872,Inf,3.0,10.0
0.0,-1.6508542965943598,0.4073196339580613,Inf,3.0,11.0
0.0,0.22161755496583113,1.492418187970189,Inf,3.0,12.0
0.0,-0.5922728546263432,0.0,3.3709108863013713,1.0,13.0
0.0,-0.14959073715810042,1.7999412246757487,Inf,3.0,14.0
1.0,0.8390414016976263,2.206689499612494,2.206689499612494,0.0,15.0
1.0,-0.6152314371071276,1.1487006166659768,3.9281904316187495,2.0,16.0
1.0,-0.2864204163422486,2.194506939926612,2.51183154674413,2.0,17.0
1.0,-0.6047457856626295,0.7608966394051033,Inf,3.0,18.0
1.0,-0.25491986912104375,0.2680817012313148,Inf,3.0,19.0
0.0,-1.638272168386727,3.053588003654784,Inf,3.0,20.0
0.0,1.497004407751829,0.0,1.2697801229677421,1.0,21.0
0.0,0.575631700448143,2.105318895222229,2.105318895222229,0.0,22.0
0.0,-0.5540618167462458,3.2938895069970595,Inf,3.0,23.0
1.0,0.2604188137980518,0.5974220199785444,1.6636985860998905,2.0,24.0
1.0,-0.5622130025570925,0.7267989945164068,Inf,3.0,25.0
1.0,-1.5282416334843092,0.7839698243601163,Inf,3.0,26.0
1.0,2.0191625375633335,0.4110183683821747,1.3161361979716233,2.0,27.0
0.0,0.013363914863726302,1.1861801815119701,1.1861801815119701,0.0,28.0
0.0,0.765333508000204,1.924272342842623,2.7889794329551307,2.0,29.0
1.0,1.0391831034568808,1.011345272560508,2.028014657257999,2.0,30.0
0.0,0.004011797068729367,1.7666937327372318,1.7666937327372318,0.0,31.0
0.0,-0.6551387370797842,0.3117042518347495,Inf,3.0,32.0
1.0,0.6947753687506231,1.390972765669619,Inf,3.0,33.0
1.0,-0.025315639556196565,1.1998712104297593,Inf,3.0,34.0
0.0,-1.509963998889617,0.3156672522637255,Inf,3.0,35.0
1.0,1.1634699105607684,0.5705640886283039,Inf,3.0,36.0
0.0,0.23670827721549123,0.0,0.6897850270788822,1.0,37.0
1.0,-0.7174021636794798,0.23861676366697923,Inf,3.0,38.0
1.0,0.44223800641581956,0.0,4.54712424586872,1.0,39.0
1.0,-0.4755985372040414,0.0,3.2484288474828897,1.0,40.0
0.0,-0.7313897140277065,0.0,2.7015137318885927,1.0,41.0
0.0,-0.4066625877454318,2.3475158980282442,Inf,3.0,42.0
0.0,0.06033883142575204,2.1134125569827473,2.1134125569827473,0.0,43.0
0.0,-0.3291836274759222,2.31324232083825,Inf,3.0,44.0
0.0,-1.879284351301694,1.1373023538227907,Inf,3.0,45.0
1.0,0.03252108209117334,0.0,1.326884785786784,1.0,46.0
0.0,0.045226047232203595,0.0,1.3218516393839066,1.0,1.0
0.0,-0.6372320345104668,1.2930229156559045,1.8705191260193001,2.0,2.0
1.0,0.2204857848997499,2.141896089849384,4.569834030642293,2.0,3.0
0.0,-1.3925656991716615,1.4329174231444173,Inf,3.0,4.0
0.0,-1.7369938040967243,1.884429535768453,Inf,3.0,5.0
1.0,-1.3296445399288386,1.4497078151457288,1.4497078151457288,0.0,6.0
0.0,1.2424935720119457,0.14722077410147136,3.469987395003885,2.0,7.0
0.0,0.002514140186925619,1.7862816966126605,Inf,3.0,8.0
0.0,2.1502231927765556,0.1005863595584983,1.3114348095486659,2.0,9.0
1.0,0.1866865847128037,3.0399018521983003,3.0399018521983003,0.0,10.0
0.0,-0.9230314152978552,1.5117362704916917,4.915089239987624,2.0,11.0
0.0,-0.16037792984941737,2.2669257201445796,2.2669257201445796,0.0,12.0
1.0,0.496647306036744,0.1513682368157021,2.0257059214667166,2.0,13.0
0.0,1.6895943497874841,0.48828372482861887,0.48828372482861887,0.0,14.0
0.0,-0.3407877028713741,0.7139174982119652,Inf,3.0,15.0
1.0,-0.5399865904043453,0.0,4.532216443272252,1.0,16.0
1.0,-0.5348902212994004,0.7920036991436527,Inf,3.0,17.0
1.0,-0.5584336443555837,3.1304653762059975,3.1304653762059975,0.0,18.0
1.0,1.4924566954232241,0.8011884968118095,Inf,3.0,19.0
1.0,0.6627809598481484,0.8887940409170558,2.7983429021691393,2.0,20.0
0.0,-2.6944509755736554,1.7558825356741363,Inf,3.0,21.0
0.0,-0.09998234692990415,1.9029480153994063,2.212698637921151,2.0,22.0
1.0,-0.3907930228223317,0.0,0.8714469346271563,1.0,23.0
1.0,-1.104805226298512,2.7203265847689453,Inf,3.0,24.0
1.0,-2.4724068140593864,5.482380923437492,Inf,3.0,25.0
0.0,-1.1020256475438452,2.412597101387833,3.9261747230530424,2.0,26.0
0.0,-0.30450761545078403,3.1822894872270124,5.026451603921509,2.0,27.0
1.0,0.9536733208955805,0.9994413109614348,0.9994413109614348,0.0,28.0
1.0,-1.5920786364405601,1.892050469022233,3.4344717893919454,2.0,29.0
0.0,0.6274536776451476,0.0,0.7559240984076456,1.0,30.0
0.0,0.605505563936834,1.0745838781851755,5.228349382294166,2.0,31.0
0.0,-0.9116417924090363,1.7221169735666688,Inf,3.0,32.0
0.0,0.2784608557740427,0.0,1.7962533522363098,1.0,33.0
1.0,0.1997635819684259,0.0,1.0493455002704022,1.0,34.0
0.0,0.21731019638459673,0.0,2.3243420966122974,1.0,35.0
1.0,-0.008698035715932168,0.0,2.50788776543374,1.0,36.0
1.0,-1.1226957930195987,0.0,0.9952590612935798,1.0,37.0
1.0,0.06893361326994982,0.437425884224289,2.5452141283609353,2.0,38.0
1.0,1.2439193038541232,0.0,1.378658571016294,1.0,39.0
0.0,-0.2470061002943513,0.0,3.730704451493781,1.0,40.0
1.0,0.30572112500050275,0.0,2.184600218932484,1.0,41.0
0.0,0.0427225586934053,1.0401066509252244,1.6770795088576282,2.0,42.0
1.0,0.9010447174345533,0.15072676905485596,2.2944454299974644,2.0,43.0
0.0,-0.007050981408531546,1.4733636562862822,2.5365864139512113,2.0,44.0
0.0,-0.805878221246398,2.0556624966467547,6.383859560640222,2.0,45.0
1.0,-1.4501580404303431,1.5074879307098321,1.821614387027503,2.0,46.0
